Algorithm,SEDR
Package,No
Bioconductor,No
CRAN,No
Vignette,No
Vignette with different examples of different technologies,Yes
R,No
Python,No
C++,No
Centroid-based,No
Hierarchical,No
Density-based,No
Distribution-based,No
Unsupervised ML,Yes
Supervised ML,No
GNN,No
AE,Yes
Ensemble model,No
Domain,Yes
Cell type,Yes
Unclear,No
Nearest neighbour assumption (explicit),Yes
Number of cell types / domains are known (explicit),No
Spatially-transformed expression matrix,No
Low dimension with spatial embedding,Yes
Accessible,Yes
Raw,No
Normalised,No
Transcript count,No
Low-resolution spot,Yes
High-resolution spot,Yes
Cellular,Yes
Segmentation-free subcellular,No
Inherent multisample clustering,No
Joint clustering,No
Visium human DLPFC (Maynard et al),Yes
MERFISH mouse hypothalamus (Mofitt et al),No
STARmap mouse mPFC (Wang et al),No
Other datasets used,Yes
Spot-based low resolution,Yes
Spot-based high resolution,Yes
Imaging-based,Yes
scRNA-seq,No
Fluorescence image,No
Histology image,Yes
For <10k cells,Good
For upto 100k cells,Good
For upto 1m cells,Medium
For >1 m cells,Bad
Unclear,No
GPU,Yes
Segmentation error,No
Spot swapping,No
Sparsity,No
Batch effects,No
Resolution,No
Rare cell type detection,No
Augmented input matrix,No
Joint low dimension,Yes
Tailored,No
2D,Yes
3D,No
Neighbourhood graph,No
Spatiotemporal,No
Nearest neighbour assumption,Yes
Adjusted Rand Index (ARI),Yes
Normalised Mutual Information (NMI),No
Adjusted Mutual Information (AMI),No
Average silhouette width (ASW) / Silhouette coefficient,Yes
Moran's I,No
Geary's C,No
Davies-Bouldin (DB) index,No
Calinski-Harabasz (CH) Index,No
Clustering Homogeneity Across Overlapping Subsets (CHAOS),No
Homogeneity (HOM),No
Completeness (COM),No
Proportion of Ambiguous Spots (PAS),No
Cell Stability Score (CSS),No
Spatial Coherence Score (SCS),No
Realistic,Yes
Unrealistic,No
Simulation included,No
Scalability assessment,Yes
Accuracy assessment,Yes
Stress testing,No
Parameter testing,No

```